service_date,mode,route_or_line,total_monthly_ridership,countofdates,average_monthly_ridership,ObjectId
2017-04-01T04:00:00.000Z,Bus,Bus,6911721,20,345586.1,1
2017-04-01T04:00:00.000Z,Bus,Silver Line,681787,20,34089.4,2
2017-04-01T04:00:00.000Z,Commuter Rail,Commuter Rail,2438211,20,121910.6,3
2017-04-01T04:00:00.000Z,Ferry,Boat-F1,61364,20,3068.2,4
2017-04-01T04:00:00.000Z,Ferry,Boat-F4,38199,20,1910,5
2017-04-01T04:00:00.000Z,Rail,Blue Line,1457503,20,72875.2,6
2017-04-01T04:00:00.000Z,Rail,Green Line,3806254,20,190312.7,7
2017-04-01T04:00:00.000Z,Rail,Orange Line,4311548,20,215577.4,8
2017-04-01T04:00:00.000Z,Rail,Red Line,5273279,20,263663.9,9
2017-04-01T04:00:00.000Z,The RIDE,The RIDE,141060,20,7053,10
2017-05-01T04:00:00.000Z,Bus,Bus,7945267,22,361148.5,11
2017-05-01T04:00:00.000Z,Bus,Silver Line,777613,22,35346,12
2017-05-01T04:00:00.000Z,Commuter Rail,Commuter Rail,2674877,22,121585.3,13
2017-05-01T04:00:00.000Z,Ferry,Boat-F1,82776,21,3941.7,14
2017-05-01T04:00:00.000Z,Ferry,Boat-F4,42398,21,2019,15
2017-05-01T04:00:00.000Z,Rail,Blue Line,1597468,22,72612.2,16
2017-05-01T04:00:00.000Z,Rail,Green Line,3855004,22,175227.4,17
2017-05-01T04:00:00.000Z,Rail,Orange Line,4698525,22,213569.3,18
2017-05-01T04:00:00.000Z,Rail,Red Line,5760641,22,261847.3,19
2017-05-01T04:00:00.000Z,The RIDE,The RIDE,154184,22,7008.4,20
2017-06-01T04:00:00.000Z,Bus,Bus,7767120,22,353050.9,21
2017-06-01T04:00:00.000Z,Bus,Silver Line,766040,22,34820,22
2017-06-01T04:00:00.000Z,Commuter Rail,Commuter Rail,2779103,22,126322.9,23
2017-06-01T04:00:00.000Z,Ferry,Boat-F1,47836,22,2174.4,24
2017-06-01T04:00:00.000Z,Ferry,Boat-F4,71120,22,3232.7,25
2017-06-01T04:00:00.000Z,Rail,Blue Line,1685819,22,76628.1,26
2017-06-01T04:00:00.000Z,Rail,Green Line,3958035,22,179910.7,27
2017-06-01T04:00:00.000Z,Rail,Orange Line,4714243,22,214283.8,28
2017-06-01T04:00:00.000Z,Rail,Red Line,5773775,22,262444.3,29
2017-06-01T04:00:00.000Z,The RIDE,The RIDE,148220,22,6737.3,30
2017-07-01T04:00:00.000Z,Bus,Bus,6928956,21,329950.3,31
2017-07-01T04:00:00.000Z,Bus,Silver Line,760559,21,36217.1,32
2017-07-01T04:00:00.000Z,Commuter Rail,Commuter Rail,2698676,20,134933.8,33
2017-07-01T04:00:00.000Z,Ferry,Boat-F1,70720,20,3536,34
2017-07-01T04:00:00.000Z,Ferry,Boat-F4,65458,20,3272.9,35
2017-07-01T04:00:00.000Z,Rail,Blue Line,1513659,20,75682.9,36
2017-07-01T04:00:00.000Z,Rail,Green Line,3444648,20,172232.4,37
2017-07-01T04:00:00.000Z,Rail,Orange Line,4101199,20,205059.9,38
2017-07-01T04:00:00.000Z,Rail,Red Line,5169112,20,258455.6,39
2017-07-01T04:00:00.000Z,The RIDE,The RIDE,128361,20,6418.1,40
2017-08-01T04:00:00.000Z,Bus,Bus,7518350,23,326884.8,41
2017-08-01T04:00:00.000Z,Bus,Silver Line,788707,23,34291.6,42
2017-08-01T04:00:00.000Z,Commuter Rail,Commuter Rail,2867065,23,124655,43
2017-08-01T04:00:00.000Z,Ferry,Boat-F1,82468,23,3585.6,44
2017-08-01T04:00:00.000Z,Ferry,Boat-F4,36977,20,1848.9,45
2017-08-01T04:00:00.000Z,Ferry,Boat-F4,43125,23,1875,46
2017-08-01T04:00:00.000Z,Rail,Blue Line,1717782,23,74686.2,47
2017-08-01T04:00:00.000Z,Rail,Green Line,3781642,23,164419.2,48
2017-08-01T04:00:00.000Z,Rail,Orange Line,4624184,23,201051.5,49
2017-08-01T04:00:00.000Z,Rail,Red Line,5786163,23,251572.3,50
2016-06-01T04:00:00.000Z,Bus,Bus,8606097,22,391186.2,51
2016-06-01T04:00:00.000Z,Bus,Silver Line,845464,22,38430.2,52
2016-06-01T04:00:00.000Z,Commuter Rail,Commuter Rail,3112409,22,141473.2,53
2016-06-01T04:00:00.000Z,Ferry,Boat-F1,81229,22,3692.2,54
2016-06-01T04:00:00.000Z,Ferry,Boat-F4,60655,22,2757.1,55
2016-06-01T04:00:00.000Z,Rail,Blue Line,1660877,22,75494.4,56
2016-06-01T04:00:00.000Z,Rail,Green Line,4144063,22,188366.5,57
2016-06-01T04:00:00.000Z,Rail,Orange Line,4860703,22,220941,58
2016-06-01T04:00:00.000Z,Rail,Red Line,5881456,22,267338.9,59
2016-06-01T04:00:00.000Z,The RIDE,The RIDE,159519,22,7250.9,60
2016-07-01T04:00:00.000Z,Bus,Bus,7105389,20,355269.5,61
2016-07-01T04:00:00.000Z,Bus,Silver Line,744914,20,37245.7,62
2016-07-01T04:00:00.000Z,Commuter Rail,Commuter Rail,2818964,21,134236.4,63
2016-07-01T04:00:00.000Z,Ferry,Boat-F1,74280,20,3714,64
2016-07-01T04:00:00.000Z,Ferry,Boat-F4,68403,20,3420.2,65
2016-07-01T04:00:00.000Z,Rail,Blue Line,1509610,20,75480.5,66
2016-07-01T04:00:00.000Z,Rail,Green Line,3721468,20,186073.4,67
2016-07-01T04:00:00.000Z,Rail,Orange Line,4233095,20,211654.7,68
2016-07-01T04:00:00.000Z,Rail,Red Line,5270208,20,263510.4,69
2016-07-01T04:00:00.000Z,The RIDE,The RIDE,136282,20,6814.1,70
2016-08-01T04:00:00.000Z,Bus,Bus,8052127,23,350092.5,71
2016-08-01T04:00:00.000Z,Bus,Silver Line,823347,23,35797.7,72
2016-08-01T04:00:00.000Z,Commuter Rail,Commuter Rail,3014604,23,131069.7,73
2016-08-01T04:00:00.000Z,Ferry,Boat-F1,84757,23,3685.1,74
2016-08-01T04:00:00.000Z,Ferry,Boat-F4,74815,23,3252.9,75
2016-08-01T04:00:00.000Z,Rail,Blue Line,1666468,23,72455.1,76
2016-08-01T04:00:00.000Z,Rail,Green Line,4003897,23,174082.5,77
2016-08-01T04:00:00.000Z,Rail,Orange Line,4692482,23,204021,78
2016-08-01T04:00:00.000Z,Rail,Red Line,5774632,23,251070.9,79
2016-08-01T04:00:00.000Z,The RIDE,The RIDE,156522,23,6805.3,80
2016-09-01T04:00:00.000Z,Bus,Bus,8186778,21,389846.6,81
2016-09-01T04:00:00.000Z,Bus,Silver Line,724110,21,34481.4,82
2016-09-01T04:00:00.000Z,Commuter Rail,Commuter Rail,2830550,22,128661.4,83
2016-09-01T04:00:00.000Z,Ferry,Boat-F1,71201,22,3236.4,84
2016-09-01T04:00:00.000Z,Ferry,Boat-F4,48519,22,2205.4,85
2016-09-01T04:00:00.000Z,Rail,Blue Line,1576201,21,75057.2,86
2016-09-01T04:00:00.000Z,Rail,Green Line,4076521,21,194120.1,87
2016-09-01T04:00:00.000Z,Rail,Orange Line,4702395,21,223923.6,88
2016-09-01T04:00:00.000Z,Rail,Red Line,5702668,21,271555.6,89
2016-09-01T04:00:00.000Z,The RIDE,The RIDE,150322,21,7158.2,90
2016-10-01T04:00:00.000Z,Bus,Bus,7676816,20,383840.8,91
2016-10-01T04:00:00.000Z,Bus,Silver Line,715177,20,35758.9,92
2016-01-01T05:00:00.000Z,Bus,Bus,6985521,19,367659,93
2016-10-01T04:00:00.000Z,Commuter Rail,Commuter Rail,2845193,21,135485.4,94
2016-10-01T04:00:00.000Z,Ferry,Boat-F1,69678,21,3318,95
2016-10-01T04:00:00.000Z,Ferry,Boat-F4,44432,21,2115.8,96
2016-10-01T04:00:00.000Z,Rail,Blue Line,1550149,21,73816.6,97
2016-10-01T04:00:00.000Z,Rail,Green Line,4029136,21,191863.6,98
2016-10-01T04:00:00.000Z,Rail,Orange Line,4651161,21,221483.9,99
2016-10-01T04:00:00.000Z,Rail,Red Line,5657271,21,269393.9,100
2016-10-01T04:00:00.000Z,The RIDE,The RIDE,148136,21,7054.1,101
2016-11-01T04:00:00.000Z,Bus,Bus,7403080,20,370154,102
2016-11-01T04:00:00.000Z,Bus,Silver Line,683466,20,34173.3,103
2016-11-01T04:00:00.000Z,Commuter Rail,Commuter Rail,2760800,22,125490.9,104
2016-11-01T04:00:00.000Z,Ferry,Boat-F1,66818,21,3181.8,105
2016-11-01T04:00:00.000Z,Ferry,Boat-F4,33436,21,1592.2,106
2016-11-01T04:00:00.000Z,Rail,Blue Line,1486293,21,70775.8,107
2016-11-01T04:00:00.000Z,Rail,Green Line,3831723,21,182463,108
2016-11-01T04:00:00.000Z,Rail,Orange Line,4497805,21,214181.2,109
2016-11-01T04:00:00.000Z,Rail,Red Line,5413231,21,257772.9,110
2016-11-01T04:00:00.000Z,The RIDE,The RIDE,147798,21,7038,111
2016-12-01T05:00:00.000Z,Bus,Bus,7119231,21,339011,112
2016-12-01T05:00:00.000Z,Bus,Silver Line,666184,21,31723,113
2016-12-01T05:00:00.000Z,Commuter Rail,Commuter Rail,2732358,22,124198.1,114
2016-12-01T05:00:00.000Z,Ferry,Boat-F1,58582,21,2789.6,115
2016-12-01T05:00:00.000Z,Ferry,Boat-F4,29298,21,1395.2,116
2016-12-01T05:00:00.000Z,Rail,Blue Line,1399861,21,66660.1,117
2016-12-01T05:00:00.000Z,Rail,Green Line,3497594,21,166552.1,118
2016-12-01T05:00:00.000Z,Rail,Orange Line,4145175,21,197389.3,119
2016-12-01T05:00:00.000Z,Rail,Red Line,4944886,21,235470.8,120
2016-12-01T05:00:00.000Z,The RIDE,The RIDE,145378,21,6922.8,121
2017-01-01T05:00:00.000Z,Bus,Bus,6857420,20,342871,122
2017-01-01T05:00:00.000Z,Bus,Silver Line,668607,20,33430.4,123
2017-01-01T05:00:00.000Z,Commuter Rail,Commuter Rail,2530346,20,126517.3,124
2017-01-01T05:00:00.000Z,Ferry,Boat-F1,63397,21,3018.9,125
2017-01-01T05:00:00.000Z,Ferry,Boat-F4,27080,21,1289.5,126
2017-01-01T05:00:00.000Z,Rail,Blue Line,1333203,20,66660.2,127
2017-01-01T05:00:00.000Z,Rail,Green Line,3368738,20,168436.9,128
2017-01-01T05:00:00.000Z,Rail,Orange Line,4153221,20,207661,129
2017-01-01T05:00:00.000Z,Rail,Red Line,4935366,20,246768.3,130
2017-01-01T05:00:00.000Z,The RIDE,The RIDE,139868,20,6993.4,131
2017-02-01T05:00:00.000Z,Bus,Bus,6320900,19,332678.9,132
2017-02-01T05:00:00.000Z,Bus,Silver Line,603358,19,31755.7,133
2017-02-01T05:00:00.000Z,Commuter Rail,Commuter Rail,2366827,19,124569.8,134
2017-02-01T05:00:00.000Z,Ferry,Boat-F1,48613,20,2430.7,135
2017-02-01T05:00:00.000Z,Ferry,Boat-F4,26631,20,1331.6,136
2017-02-01T05:00:00.000Z,Rail,Blue Line,1253564,19,65977,137
2017-02-01T05:00:00.000Z,Rail,Green Line,3335246,19,175539.3,138
2017-02-01T05:00:00.000Z,Rail,Orange Line,3887141,19,204586.4,139
2017-02-01T05:00:00.000Z,Rail,Red Line,4696803,19,247200.2,140
2017-02-01T05:00:00.000Z,The RIDE,The RIDE,122620,19,6453.7,141
2017-03-01T05:00:00.000Z,Bus,Bus,7823065,23,340133.3,142
2017-03-01T05:00:00.000Z,Bus,Silver Line,770216,23,33487.7,143
2017-03-01T05:00:00.000Z,Commuter Rail,Commuter Rail,2742436,23,119236.3,144
2017-03-01T05:00:00.000Z,Ferry,Boat-F1,66563,23,2894,145
2017-03-01T05:00:00.000Z,Ferry,Boat-F4,30999,23,1347.8,146
2017-03-01T05:00:00.000Z,Rail,Blue Line,1542035,23,67045,147
2017-03-01T05:00:00.000Z,Rail,Green Line,4010221,23,174357.4,148
2017-03-01T05:00:00.000Z,Rail,Orange Line,4735889,23,205908.2,149
2017-03-01T05:00:00.000Z,Rail,Red Line,5750523,23,250022.8,150
2017-03-01T05:00:00.000Z,The RIDE,The RIDE,157978,23,6868.6,151
2016-01-01T05:00:00.000Z,Bus,Silver Line,669761,19,35250.6,152
2016-01-01T05:00:00.000Z,Commuter Rail,Commuter Rail,2827718,21,134653.3,153
2016-01-01T05:00:00.000Z,Ferry,Boat-F1,59503,20,2975.2,154
2016-01-01T05:00:00.000Z,Ferry,Boat-F4,24363,20,1218.2,155
2016-01-01T05:00:00.000Z,Rail,Blue Line,1142850,19,60150,156
2016-01-01T05:00:00.000Z,Rail,Green Line,3366005,19,177158.2,157
2016-01-01T05:00:00.000Z,Rail,Orange Line,4110859,19,216361,158
2016-01-01T05:00:00.000Z,Rail,Red Line,4738658,19,249403.1,159
2016-01-01T05:00:00.000Z,The RIDE,The RIDE,113748,19,5986.7,160
2016-02-01T05:00:00.000Z,Bus,Bus,7469019,20,373451,161
2016-02-01T05:00:00.000Z,Bus,Silver Line,730265,20,36513.3,162
2016-02-01T05:00:00.000Z,Commuter Rail,Commuter Rail,2615220,21,124534.3,163
2016-02-01T05:00:00.000Z,Ferry,Boat-F1,58596,21,2790.3,164
2016-02-01T05:00:00.000Z,Ferry,Boat-F4,25350,20,1267.6,165
2016-02-01T05:00:00.000Z,Rail,Blue Line,1220639,20,61032,166
2016-02-01T05:00:00.000Z,Rail,Green Line,3752289,20,187614.4,167
2016-02-01T05:00:00.000Z,Rail,Orange Line,4379649,20,218982.5,168
2016-02-01T05:00:00.000Z,Rail,Red Line,5132032,20,256601.6,169
2016-02-01T05:00:00.000Z,The RIDE,The RIDE,113282,20,5664.1,170
2016-03-01T05:00:00.000Z,Bus,Bus,8679363,23,377363.6,171
2016-03-01T05:00:00.000Z,Bus,Silver Line,901662,23,39202.7,172
2016-03-01T05:00:00.000Z,Commuter Rail,Commuter Rail,3084894,23,134125.8,173
2016-03-01T05:00:00.000Z,Ferry,Boat-F1,67941,23,2954,174
2016-03-01T05:00:00.000Z,Ferry,Boat-F4,33250,23,1445.6,175
2016-03-01T05:00:00.000Z,Rail,Blue Line,1510118,23,65657.3,176
2016-03-01T05:00:00.000Z,Rail,Green Line,4387768,23,190772.5,177
2016-03-01T05:00:00.000Z,Rail,Orange Line,5121816,23,222687.6,178
2016-03-01T05:00:00.000Z,Rail,Red Line,6047058,23,262915.6,179
2016-03-01T05:00:00.000Z,The RIDE,The RIDE,137440,23,5975.7,180
2016-04-01T04:00:00.000Z,Bus,Bus,6231752,16,389484.5,181
2016-04-01T04:00:00.000Z,Bus,Silver Line,650905,16,40681.6,182
2016-04-01T04:00:00.000Z,Commuter Rail,Commuter Rail,2732306,21,130109.8,183
2016-04-01T04:00:00.000Z,Ferry,Boat-F1,65615,21,3124.5,184
2016-04-01T04:00:00.000Z,Ferry,Boat-F4,36760,21,1750.5,185
2016-04-01T04:00:00.000Z,Rail,Blue Line,1511915,21,71995.9,186
2016-04-01T04:00:00.000Z,Rail,Green Line,4223658,21,201126.6,187
2016-04-01T04:00:00.000Z,Rail,Orange Line,4680719,21,222891.4,188
2016-04-01T04:00:00.000Z,Rail,Red Line,5573282,21,265394.4,189
2016-04-01T04:00:00.000Z,The RIDE,The RIDE,125259,21,5964.7,190
2016-05-01T04:00:00.000Z,Bus,Bus,8092982,21,385380.1,191
2016-05-01T04:00:00.000Z,Bus,Silver Line,783259,21,37298,192
2016-05-01T04:00:00.000Z,Commuter Rail,Commuter Rail,2656887,22,120767.6,193
2016-05-01T04:00:00.000Z,Ferry,Boat-F1,69197,21,3295.1,194
2016-05-01T04:00:00.000Z,Ferry,Boat-F4,41920,21,1996.2,195
2016-05-01T04:00:00.000Z,Rail,Blue Line,1518063,21,72288.7,196
2016-05-01T04:00:00.000Z,Rail,Green Line,3933571,21,187312.9,197
2016-05-01T04:00:00.000Z,Rail,Orange Line,4628636,21,220411.3,198
2016-05-01T04:00:00.000Z,Rail,Red Line,5546573,21,264122.5,199
2016-05-01T04:00:00.000Z,The RIDE,The RIDE,127655,21,6078.8,200
2018-01-01T05:00:00.000Z,The RIDE,The RIDE,125370,21,5970,201
2018-06-01T04:00:00.000Z,Rail,Red Line,5360458,21,255259.9,202
2018-06-01T04:00:00.000Z,The RIDE,The RIDE,136637,21,6506.5,203
2018-07-01T04:00:00.000Z,Bus,Bus,7057588,21,336075.6,204
2018-07-01T04:00:00.000Z,Bus,Silver Line,789279,21,37584.7,205
2018-07-01T04:00:00.000Z,Commuter Rail,Commuter Rail,2540486,21,120975.5,206
2018-07-01T04:00:00.000Z,Ferry,Boat-F1,78419,21,3734.2,207
2018-07-01T04:00:00.000Z,Ferry,Boat-F4,78697,21,3747.5,208
2018-07-01T04:00:00.000Z,Rail,Blue Line,1587867,21,75612.7,209
2018-07-01T04:00:00.000Z,Rail,Green Line,3594274,21,171155.9,210
2018-07-01T04:00:00.000Z,Rail,Orange Line,4202646,21,200126,211
2018-07-01T04:00:00.000Z,Rail,Red Line,5111092,21,243385.3,212
2018-07-01T04:00:00.000Z,The RIDE,The RIDE,129523,21,6167.8,213
2018-08-01T04:00:00.000Z,Bus,Bus,7694137,23,334527.7,214
2018-08-01T04:00:00.000Z,Bus,Silver Line,859521,23,37370.5,215
2018-08-01T04:00:00.000Z,Commuter Rail,Commuter Rail,2781155,23,120919.8,216
2018-08-01T04:00:00.000Z,Ferry,Boat-F1,83211,23,3617.9,217
2018-08-01T04:00:00.000Z,Ferry,Boat-F4,80370,23,3494.4,218
2018-08-01T04:00:00.000Z,Rail,Blue Line,1655644,23,71984.5,219
2018-08-01T04:00:00.000Z,Rail,Green Line,3706947,23,161171.6,220
2018-08-01T04:00:00.000Z,Rail,Orange Line,4450677,23,193507.7,221
2018-08-01T04:00:00.000Z,Rail,Red Line,5411159,23,235267.8,222
2018-08-01T04:00:00.000Z,The RIDE,The RIDE,140750,23,6119.6,223
2018-09-01T04:00:00.000Z,Bus,Bus,7063597,19,371768.3,224
2018-09-01T04:00:00.000Z,Bus,Silver Line,703816,19,37043,225
2018-09-01T04:00:00.000Z,Commuter Rail,Commuter Rail,2296199,19,120852.6,226
2018-09-01T04:00:00.000Z,Ferry,Boat-F1,68746,19,3618.2,227
2018-09-01T04:00:00.000Z,Ferry,Boat-F4,45799,19,2410.4,228
2018-09-01T04:00:00.000Z,Rail,Blue Line,1433946,19,75470.8,229
2018-09-01T04:00:00.000Z,Rail,Green Line,3561584,19,187451.8,230
2018-09-01T04:00:00.000Z,Rail,Orange Line,4043458,19,212813.6,231
2018-09-01T04:00:00.000Z,Rail,Red Line,4859060,19,255740,232
2018-09-01T04:00:00.000Z,The RIDE,The RIDE,119784,19,6304.4,233
2018-10-01T04:00:00.000Z,Bus,Bus,8555318,23,371970.4,234
2018-10-01T04:00:00.000Z,Bus,Silver Line,879936,23,38258.1,235
2018-10-01T04:00:00.000Z,Commuter Rail,Commuter Rail,2800712,23,121770.1,236
2018-10-01T04:00:00.000Z,Ferry,Boat-F1,82206,23,3574.2,237
2018-10-01T04:00:00.000Z,Ferry,Boat-F4,51288,23,2229.9,238
2018-10-01T04:00:00.000Z,Rail,Blue Line,1748476,23,76020.7,239
2018-10-01T04:00:00.000Z,Rail,Green Line,4349667,23,189116,240
2018-10-01T04:00:00.000Z,Rail,Orange Line,4980608,23,216548.2,241
2018-10-01T04:00:00.000Z,Rail,Red Line,5955310,23,258926.5,242
2018-10-01T04:00:00.000Z,The RIDE,The RIDE,144156,23,6267.7,243
2018-11-01T04:00:00.000Z,Bus,Bus,7395071,21,352146.3,244
2018-11-01T04:00:00.000Z,Bus,Silver Line,798509,21,38024.3,245
2018-11-01T04:00:00.000Z,Commuter Rail,Commuter Rail,2547322,21,121301,246
2018-11-01T04:00:00.000Z,Ferry,Boat-F1,68740,21,3273.3,247
2018-11-01T04:00:00.000Z,Ferry,Boat-F4,35079,21,1670.4,248
2018-11-01T04:00:00.000Z,Rail,Blue Line,1481110,21,70529.1,249
2018-11-01T04:00:00.000Z,Rail,Green Line,3616694,21,172223.5,250
2018-11-01T04:00:00.000Z,Rail,Orange Line,4269986,21,203332.7,251
2018-02-01T05:00:00.000Z,Bus,Bus,6579570,19,346293.1,252
2018-02-01T05:00:00.000Z,Bus,Silver Line,598648,19,31507.8,253
2018-02-01T05:00:00.000Z,Commuter Rail,Commuter Rail,2289469,19,120498.4,254
2018-02-01T05:00:00.000Z,Ferry,Boat-F1,57076,20,2853.8,255
2018-02-01T05:00:00.000Z,Ferry,Boat-F4,30952,20,1547.7,256
2018-02-01T05:00:00.000Z,Rail,Blue Line,1321300,19,69542.1,257
2018-02-01T05:00:00.000Z,Rail,Green Line,3194840,19,168149.5,258
2018-02-01T05:00:00.000Z,Rail,Orange Line,3938019,19,207264.2,259
2018-02-01T05:00:00.000Z,Rail,Red Line,4613903,19,242837,260
2018-02-01T05:00:00.000Z,The RIDE,The RIDE,124694,19,6562.8,261
2018-03-01T05:00:00.000Z,Bus,Bus,7162827,22,325583,262
2018-03-01T05:00:00.000Z,Bus,Silver Line,688735,22,31306.1,263
2018-03-01T05:00:00.000Z,Commuter Rail,Commuter Rail,2556696,22,116213.5,264
2018-03-01T05:00:00.000Z,Ferry,Boat-F1,58898,22,2677.2,265
2018-03-01T05:00:00.000Z,Ferry,Boat-F4,29912,22,1359.7,266
2018-03-01T05:00:00.000Z,Rail,Blue Line,1439092,22,65413.3,267
2018-03-01T05:00:00.000Z,Rail,Green Line,3400249,22,154556.8,268
2018-03-01T05:00:00.000Z,Rail,Orange Line,4220321,22,191832.8,269
2018-03-01T05:00:00.000Z,Rail,Red Line,5013455,22,227884.3,270
2018-03-01T05:00:00.000Z,The RIDE,The RIDE,128248,22,5829.5,271
2018-04-01T04:00:00.000Z,Bus,Bus,7209478,21,343308.5,272
2018-04-01T04:00:00.000Z,Bus,Silver Line,745155,21,35483.6,273
2018-04-01T04:00:00.000Z,Commuter Rail,Commuter Rail,2530649,21,120507.1,274
2018-04-01T04:00:00.000Z,Ferry,Boat-F1,63282,21,3013.4,275
2018-04-01T04:00:00.000Z,Ferry,Boat-F4,20982,21,999.1,276
2018-04-01T04:00:00.000Z,Ferry,Boat-F4,16250,22,738.6,277
2018-04-01T04:00:00.000Z,Rail,Blue Line,1548228,21,73725.2,278
2018-04-01T04:00:00.000Z,Rail,Green Line,3715423,21,176924.9,279
2018-04-01T04:00:00.000Z,Rail,Orange Line,4463067,21,212527,280
2018-04-01T04:00:00.000Z,Rail,Red Line,5315936,21,253139.8,281
2018-04-01T04:00:00.000Z,The RIDE,The RIDE,138743,21,6606.8,282
2018-05-01T04:00:00.000Z,Bus,Bus,7862668,22,357394,283
2018-05-01T04:00:00.000Z,Bus,Silver Line,817296,22,37149.8,284
2018-05-01T04:00:00.000Z,Commuter Rail,Commuter Rail,2682524,22,121932.9,285
2018-05-01T04:00:00.000Z,Ferry,Boat-F1,75002,22,3409.2,286
2018-05-01T04:00:00.000Z,Ferry,Boat-F4,53542,22,2433.8,287
2018-05-01T04:00:00.000Z,Rail,Blue Line,1696348,22,77106.7,288
2018-05-01T04:00:00.000Z,Rail,Green Line,3744898,22,170222.6,289
2018-05-01T04:00:00.000Z,Rail,Orange Line,4722969,22,214680.4,290
2018-05-01T04:00:00.000Z,Rail,Red Line,5654937,22,257042.6,291
2018-05-01T04:00:00.000Z,The RIDE,The RIDE,146907,22,6677.6,292
2018-06-01T04:00:00.000Z,Bus,Bus,7274607,21,346409.8,293
2018-06-01T04:00:00.000Z,Bus,Silver Line,784891,21,37375.8,294
2018-06-01T04:00:00.000Z,Commuter Rail,Commuter Rail,2581136,21,122911.2,295
2018-06-01T04:00:00.000Z,Ferry,Boat-F1,76176,21,3627.4,296
2018-06-01T04:00:00.000Z,Ferry,Boat-F4,65741,21,3130.5,297
2018-06-01T04:00:00.000Z,Rail,Blue Line,1642111,21,78195.7,298
2018-06-01T04:00:00.000Z,Rail,Green Line,3553979,21,169237.1,299
2018-06-01T04:00:00.000Z,Rail,Orange Line,4476711,21,213176.7,300
2017-08-01T04:00:00.000Z,The RIDE,The RIDE,149390,23,6495.2,301
2017-09-01T04:00:00.000Z,Bus,Bus,7400409,20,370020.4,302
2017-09-01T04:00:00.000Z,Bus,Silver Line,663795,20,33189.8,303
2017-09-01T04:00:00.000Z,Commuter Rail,Commuter Rail,2526284,20,126314.2,304
2017-09-01T04:00:00.000Z,Ferry,Boat-F1,69395,20,3469.8,305
2017-09-01T04:00:00.000Z,Ferry,Boat-F4,51344,20,2567.3,306
2017-09-01T04:00:00.000Z,Rail,Blue Line,1555249,20,77762.4,307
2017-09-01T04:00:00.000Z,Rail,Green Line,3789136,20,189456.8,308
2017-09-01T04:00:00.000Z,Rail,Orange Line,4447505,20,222375.2,309
2017-09-01T04:00:00.000Z,Rail,Red Line,5409746,20,270487.3,310
2017-09-01T04:00:00.000Z,The RIDE,The RIDE,132680,20,6634,311
2017-10-01T04:00:00.000Z,Bus,Bus,8050056,22,365911.6,312
2017-10-01T04:00:00.000Z,Bus,Silver Line,747702,22,33986.5,313
2017-10-01T04:00:00.000Z,Commuter Rail,Commuter Rail,2756480,22,125294.5,314
2017-10-01T04:00:00.000Z,Ferry,Boat-F1,75904,22,3450.2,315
2017-10-01T04:00:00.000Z,Ferry,Boat-F4,51886,22,2358.4,316
2017-10-01T04:00:00.000Z,Rail,Blue Line,1686439,22,76656.3,317
2017-10-01T04:00:00.000Z,Rail,Green Line,3976259,22,180739.1,318
2017-10-01T04:00:00.000Z,Rail,Orange Line,4872726,22,221487.5,319
2017-10-01T04:00:00.000Z,Rail,Red Line,5898601,22,268118.2,320
2017-10-01T04:00:00.000Z,The RIDE,The RIDE,145884,22,6631.1,321
2017-11-01T04:00:00.000Z,Bus,Bus,7376707,21,351271.7,322
2017-11-01T04:00:00.000Z,Bus,Silver Line,689488,21,32832.8,323
2017-11-01T04:00:00.000Z,Commuter Rail,Commuter Rail,2593976,21,123522.7,324
2017-11-01T04:00:00.000Z,Ferry,Boat-F1,67869,21,3231.9,325
2017-11-01T04:00:00.000Z,Ferry,Boat-F4,36695,21,1747.4,326
2017-11-01T04:00:00.000Z,Rail,Blue Line,1522572,21,72503.4,327
2017-11-01T04:00:00.000Z,Rail,Green Line,3668262,21,174679.2,328
2017-11-01T04:00:00.000Z,Rail,Orange Line,4450208,21,211914.7,329
2017-11-01T04:00:00.000Z,Rail,Red Line,5390729,21,256701.4,330
2017-11-01T04:00:00.000Z,The RIDE,The RIDE,138249,21,6583.3,331
2017-12-01T05:00:00.000Z,Bus,Bus,6426027,20,321301.4,332
2017-12-01T05:00:00.000Z,Bus,Silver Line,612362,20,30618.1,333
2017-12-01T05:00:00.000Z,Commuter Rail,Commuter Rail,2411351,20,120567.6,334
2017-12-01T05:00:00.000Z,Ferry,Boat-F1,55481,20,2774.1,335
2017-12-01T05:00:00.000Z,Ferry,Boat-F4,29437,20,1471.9,336
2017-12-01T05:00:00.000Z,Rail,Blue Line,1331912,20,66595.6,337
2017-12-01T05:00:00.000Z,Rail,Green Line,3102458,20,155122.9,338
2017-12-01T05:00:00.000Z,Rail,Orange Line,3832255,20,191612.8,339
2017-12-01T05:00:00.000Z,Rail,Red Line,4548600,20,227430,340
2017-12-01T05:00:00.000Z,The RIDE,The RIDE,126210,20,6310.5,341
2018-01-01T05:00:00.000Z,Bus,Bus,6840789,21,325751.8,342
2018-01-01T05:00:00.000Z,Bus,Silver Line,635182,21,30246.8,343
2018-01-01T05:00:00.000Z,Commuter Rail,Commuter Rail,2490280,21,118584.8,344
2018-01-01T05:00:00.000Z,Ferry,Boat-F1,37209,22,1691.3,345
2018-01-01T05:00:00.000Z,Ferry,Boat-F4,26976,22,1226.2,346
2018-01-01T05:00:00.000Z,Rail,Blue Line,1323204,21,63009.7,347
2018-01-01T05:00:00.000Z,Rail,Green Line,3141136,21,149577.9,348
2018-01-01T05:00:00.000Z,Rail,Orange Line,3987313,21,189872.1,349
2018-01-01T05:00:00.000Z,Rail,Red Line,4696090,21,223623.3,350
2018-11-01T04:00:00.000Z,Rail,Red Line,5079375,21,241875,351
2018-11-01T04:00:00.000Z,The RIDE,The RIDE,126859,21,6040.9,352
2018-12-01T05:00:00.000Z,Bus,Bus,6422324,20,321116.2,353
2018-12-01T05:00:00.000Z,Bus,Silver Line,659334,20,32966.7,354
2018-12-01T05:00:00.000Z,Commuter Rail,Commuter Rail,2424940,20,121247,355
2018-12-01T05:00:00.000Z,Ferry,Boat-F1,56588,20,2829.4,356
2018-12-01T05:00:00.000Z,Ferry,Boat-F4,30180,20,1509,357
2018-12-01T05:00:00.000Z,Rail,Blue Line,1291519,20,64576,358
2018-12-01T05:00:00.000Z,Rail,Green Line,3042631,20,152131.5,359
2018-12-01T05:00:00.000Z,Rail,Orange Line,3630254,20,181512.7,360
2018-12-01T05:00:00.000Z,Rail,Red Line,4270301,20,213515.1,361
2018-12-01T05:00:00.000Z,The RIDE,The RIDE,118195,20,5909.8,362
2019-01-01T05:00:00.000Z,Bus,Bus,7103166,21,338246,363
2019-01-01T05:00:00.000Z,Bus,Silver Line,728626,21,34696.5,364
2019-01-01T05:00:00.000Z,Commuter Rail,Commuter Rail,2540240,21,120963.8,365
2019-01-01T05:00:00.000Z,Ferry,Boat-F1,69315,22,3150.7,366
2019-01-01T05:00:00.000Z,Ferry,Boat-F4,30916,22,1405.3,367
2019-01-01T05:00:00.000Z,Rail,Blue Line,1390803,21,66228.7,368
2019-01-01T05:00:00.000Z,Rail,Green Line,3322102,21,158195.4,369
2019-01-01T05:00:00.000Z,Rail,Orange Line,4049901,21,192852.4,370
2019-01-01T05:00:00.000Z,Rail,Red Line,4775951,21,227426.2,371
2019-01-01T05:00:00.000Z,The RIDE,The RIDE,127133,21,6054,372
2019-02-01T05:00:00.000Z,Bus,Bus,6542399,19,344336.8,373
2019-02-01T05:00:00.000Z,Bus,Silver Line,655079,19,34477.8,374
2019-02-01T05:00:00.000Z,Commuter Rail,Commuter Rail,2315272,19,121856.4,375
2019-02-01T05:00:00.000Z,Ferry,Boat-F1,61773,20,3088.7,376
2019-02-01T05:00:00.000Z,Ferry,Boat-F4,30523,20,1526.2,377
2019-02-01T05:00:00.000Z,Rail,Blue Line,1291124,19,67953.9,378
2019-02-01T05:00:00.000Z,Rail,Green Line,3204597,19,168663,379
2019-02-01T05:00:00.000Z,Rail,Orange Line,3779937,19,198944.1,380
2019-02-01T05:00:00.000Z,Rail,Red Line,4570488,19,240552,381
2019-02-01T05:00:00.000Z,The RIDE,The RIDE,113706,19,5984.5,382
2019-03-01T05:00:00.000Z,Bus,Bus,7357430,21,350353.8,383
2019-03-01T05:00:00.000Z,Bus,Silver Line,786680,21,37461,384
2019-03-01T05:00:00.000Z,Commuter Rail,Commuter Rail,2552939,21,121568.5,385
2019-03-01T05:00:00.000Z,Ferry,Boat-F1,66093,21,3147.3,386
2019-03-01T05:00:00.000Z,Ferry,Boat-F4,33359,21,1588.5,387
2019-03-01T05:00:00.000Z,Rail,Blue Line,1435380,21,68351.4,388
2019-03-01T05:00:00.000Z,Rail,Green Line,3479327,21,165682.3,389
2019-03-01T05:00:00.000Z,Rail,Orange Line,4182580,21,199170.5,390
2019-03-01T05:00:00.000Z,Rail,Red Line,5018393,21,238971.1,391
2019-03-01T05:00:00.000Z,The RIDE,The RIDE,127203,21,6057.3,392
2019-04-01T04:00:00.000Z,Bus,Bus,7689901,22,349540.9,393
2019-04-01T04:00:00.000Z,Bus,Silver Line,823061,22,37411.9,394
2019-04-01T04:00:00.000Z,Commuter Rail,Commuter Rail,2651110,22,120505,395
2019-04-01T04:00:00.000Z,Ferry,Boat-F1,71300,22,3240.9,396
2019-04-01T04:00:00.000Z,Ferry,Boat-F4,41730,22,1896.8,397
2019-04-01T04:00:00.000Z,Rail,Blue Line,1599512,22,72705.1,398
2019-04-01T04:00:00.000Z,Rail,Green Line,3819945,22,173633.9,399
2019-04-01T04:00:00.000Z,Rail,Orange Line,4527379,22,205790,400
2019-04-01T04:00:00.000Z,Rail,Red Line,5391799,22,245081.8,401
2019-04-01T04:00:00.000Z,The RIDE,The RIDE,133432,22,6065.1,402
2019-05-01T04:00:00.000Z,Bus,Bus,7884809,22,358400.4,403
2019-05-01T04:00:00.000Z,Bus,Silver Line,850391,22,38654.1,404
2019-05-01T04:00:00.000Z,Commuter Rail,Commuter Rail,2536088,22,115276.7,405
2019-05-01T04:00:00.000Z,Ferry,Boat-F1,75512,22,3432.4,406
2019-05-01T04:00:00.000Z,Ferry,Boat-F4,48034,22,2183.4,407
2019-05-01T04:00:00.000Z,Rail,Blue Line,1631294,22,74149.7,408
2019-05-01T04:00:00.000Z,Rail,Green Line,3624765,22,164762.1,409
2019-05-01T04:00:00.000Z,Rail,Orange Line,4562221,22,207373.7,410
2019-05-01T04:00:00.000Z,Rail,Red Line,5422544,22,246479.3,411
2019-05-01T04:00:00.000Z,The RIDE,The RIDE,136602,22,6209.2,412
2019-06-01T04:00:00.000Z,Bus,Bus,6970275,20,348513.8,413
2019-06-01T04:00:00.000Z,Bus,Silver Line,765614,20,38280.7,414
2019-06-01T04:00:00.000Z,Commuter Rail,Commuter Rail,2550890,21,121471,415
2019-06-01T04:00:00.000Z,Ferry,Boat-F1,82854,20,4142.7,416
2019-06-01T04:00:00.000Z,Ferry,Boat-F4,58768,20,2938.5,417
2019-06-01T04:00:00.000Z,Rail,Blue Line,1541358,20,77067.9,418
2019-06-01T04:00:00.000Z,Rail,Green Line,3305499,20,165275,419
2019-06-01T04:00:00.000Z,Rail,Orange Line,4166742,20,208337.1,420
2019-06-01T04:00:00.000Z,Rail,Red Line,4757240,20,237862,421
2019-06-01T04:00:00.000Z,The RIDE,The RIDE,121447,20,6072.4,422
2019-07-01T04:00:00.000Z,Bus,Bus,7440844,22,338220.2,423
2019-07-01T04:00:00.000Z,Bus,Silver Line,825192,22,37508.7,424
2019-07-01T04:00:00.000Z,Commuter Rail,Commuter Rail,2620848,22,119129.5,425
2019-07-01T04:00:00.000Z,Ferry,Boat-F1,92145,22,4188.4,426
2019-07-01T04:00:00.000Z,Ferry,Boat-F4,77870,22,3539.5,427
2019-07-01T04:00:00.000Z,Rail,Blue Line,1651051,22,75047.8,428
2019-07-01T04:00:00.000Z,Rail,Green Line,3437565,22,156253,429
2019-07-01T04:00:00.000Z,Rail,Orange Line,4352778,22,197853.6,430
2019-07-01T04:00:00.000Z,Rail,Red Line,5021199,22,228236.3,431
2019-07-01T04:00:00.000Z,The RIDE,The RIDE,127159,22,5780,432
2019-08-01T04:00:00.000Z,Bus,Bus,7338690,22,333576.8,433
2019-08-01T04:00:00.000Z,Bus,Silver Line,823813,22,37446.1,434
2019-08-01T04:00:00.000Z,Commuter Rail,Commuter Rail,2646170,22,120280.5,435
2019-08-01T04:00:00.000Z,Ferry,Boat-F1,89914,22,4087,436
2019-08-01T04:00:00.000Z,Ferry,Boat-F4,79491,22,3613.2,437
2019-08-01T04:00:00.000Z,Rail,Blue Line,1616173,22,73462.4,438
2019-08-01T04:00:00.000Z,Rail,Green Line,3232914,22,146950.6,439
2019-08-01T04:00:00.000Z,Rail,Orange Line,4239128,22,192687.6,440
2019-08-01T04:00:00.000Z,Rail,Red Line,4880100,22,221822.7,441
2019-08-01T04:00:00.000Z,The RIDE,The RIDE,126310,22,5741.4,442
2019-09-01T04:00:00.000Z,Bus,Bus,7479428,20,373971.4,443
2019-09-01T04:00:00.000Z,Bus,Silver Line,738886,20,36944.3,444
2019-09-01T04:00:00.000Z,Commuter Rail,Commuter Rail,2416473,20,120823.7,445
2019-09-01T04:00:00.000Z,Ferry,Boat-F1,83662,20,4183.1,446
2019-09-01T04:00:00.000Z,Ferry,Boat-F4,51609,20,2580.5,447
2019-09-01T04:00:00.000Z,Rail,Blue Line,1528456,20,76422.8,448
2019-09-01T04:00:00.000Z,Rail,Green Line,3179038,20,158951.9,449
2019-09-01T04:00:00.000Z,Rail,Orange Line,4311143,20,215557.2,450
2019-09-01T04:00:00.000Z,Rail,Red Line,4915753,20,245787.7,451
2019-09-01T04:00:00.000Z,The RIDE,The RIDE,121197,20,6059.9,452
